Site,Zone,NN,Phosphate,Salinity,Silicate,TA,Temp_in,pH,percent_sgd
BP,Ambient,0.33421052631578946,0.13736842105263158,34.60940426368421,2.578421052631579,2252.259446631579,25.345571792631578,8.007429044842105,0.3247381677894737
BP,Diffuse,2.866,0.20125,34.04881824675,16.01625,2287.98978825,25.17807428325,7.98207178565,2.01715994955
BP,Transition,4.777500000000001,0.2595,33.6978426285,24.429499999999997,2284.49892935,25.2251870575,7.9706849642,3.07676322425
W,Ambient,0.1696774193548387,0.10419354838709677,34.60233145064516,1.7938709677419356,2259.79096883871,25.30895556,7.964709677419354,0.23176627483870968
W,Diffuse,0.6709375,0.1265625,34.0311494428125,14.790312499999999,2261.2513861875,24.6639878640625,7.946375,1.91089308803125
W,Offshore,0.09,0.15000000000000002,34.59744743,1.9050000000000002,2264.439092,24.12984958,7.975,0.24612403100000002
W,Transition,2.1625,0.20625,32.683765939375,45.448125000000005,2251.223582,24.295429275,7.9516875,5.871850774687499
